timestamp,title,price,original_price,shipping,item_url,discount_percentage
2026-03-10 12:56:04,"Sony Xperia 10 IV 5G XQ-CC54 128GB 6.0"" Android Global SmartPhone",171.58,171.58,Free shipping,https://www.ebay.com/itm/197837525392?_trkparms=5373%3A5000014449%7C5374%3ATech%7C5079%3A5000014468,0.0
2026-03-10 12:56:04,Nokia 1209 - Midnight Blue (Unlocked) Cellular Phone,36.97,,Free shipping,https://www.ebay.com/itm/167612398310?_trkparms=5373%3A5000014449%7C5374%3ATech%7C5079%3A5000014468,
2026-03-10 12:56:04,"Cartine Rizla Liquorice Corte – Gusto Naturale Liquirizia, 50 Libretti",35.94,35.94,Free shipping,https://www.ebay.com/itm/364382641988?_trkparms=5373%3A5000014449%7C5374%3ATech%7C5079%3A5000014468,0.0
2026-03-10 12:56:04,Honor Magic V 5G 512GB Google Android 12 Snapdragon Foldable Phone,540.76,540.76,Free shipping,https://www.ebay.com/itm/406378990824?_trkparms=5373%3A5000014449%7C5374%3ATech%7C5079%3A5000014468,0.0
2026-03-10 12:56:04,,,,Shipping info unavailable,https://www.ebay.com/globaldeals/tech/cell-phones/all,
2026-03-10 12:56:04,Lenvo ThinkPad T540P i7 8GB 240GB SSD 15.6 Zoll 1920x1080p Windows 11 - Office,230.7,230.7,Shipping info unavailable,https://www.ebay.com/itm/404894536912?_trkparms=5373%3A5000014449%7C5374%3ATech%7C5079%3A5000014452,0.0
2026-03-10 12:56:04,HP Elitebook 840 G8 i7-11651G7 2.8GHz 16 GB RAM 512 GB SSD Laptop,299.99,299.99,Shipping info unavailable,https://www.ebay.com/itm/297850670812?_trkparms=5373%3A5000014449%7C5374%3ATech%7C5079%3A5000014452,0.0
2026-03-10 12:56:04,"Lenovo Thinkpad X1 Fold G2, Fold 16 LTE 5G 2TB i7 16-32GB Foldable OLED Pen Gar",1699.96,1699.96,Shipping info unavailable,https://www.ebay.com/itm/227127579734?_trkparms=5373%3A5000014449%7C5374%3ATech%7C5079%3A5000014452,0.0
2026-03-10 12:56:04,"Red Fury Panasonic Toughbook CF-31 i5, 16GB, 1TB SSD, TouchScreen, GPS, 4G/LTE",580.5,580.5,Shipping info unavailable,https://www.ebay.com/itm/142551201272?_trkparms=5373%3A5000014449%7C5374%3ATech%7C5079%3A5000014452,0.0
2026-03-10 12:56:04,,,,Shipping info unavailable,https://www.ebay.com/globaldeals/tech/laptops-netbooks/all,
2026-03-10 12:56:04,3.5mm Microphone Adapter for DJI Osmo Action 4 and 5 USB C Charging Port,28.49,28.49,Shipping info unavailable,https://www.ebay.com/itm/146980640738?_trkparms=5373%3A5000014449%7C5374%3ATech%7C5079%3A5000014464,0.0
2026-03-10 12:56:04,8K 2.1 Micro HDMI to Full HDMI Braided Coiled Cable for Atomos Ninja V 4K 60P,19.99,19.99,Free shipping,https://www.ebay.com/itm/204083474624?_trkparms=5373%3A5000014449%7C5374%3ATech%7C5079%3A5000014464,0.0
2026-03-10 12:56:04,"Verre dépoli 8x10"" | Verre de visée (20,3x25,4cm) FAIT MAIN (ou sur mesure)",63.75,63.75,Shipping info unavailable,https://www.ebay.com/itm/254191641473?_trkparms=5373%3A5000014449%7C5374%3ATech%7C5079%3A5000014464,0.0
2026-03-10 12:56:04,2 Pairs Genuine DJI Matrice 4 Series Low-Noise Propellers (pair) CW & CCW,40.89,40.89,Shipping info unavailable,https://www.ebay.com/itm/336303372908?_trkparms=5373%3A5000014449%7C5374%3ATech%7C5079%3A5000014464,0.0
2026-03-10 12:56:04,,,,Shipping info unavailable,https://www.ebay.com/globaldeals/tech/cameras-photo/all,
2026-03-10 12:56:04,"Jensen Transformers CI-2MINI Hum/Buzz Eliminator/Isolator - mobile, computer",239.99,239.99,Shipping info unavailable,https://www.ebay.com/itm/400279054316?_trkparms=5373%3A5000014449%7C5374%3ATech%7C5079%3A5000014481,0.0
2026-03-10 12:56:04,"CORREAS, RODILLO Y IDLER PIONEER CT-757",20.97,20.97,Shipping info unavailable,https://www.ebay.com/itm/286121161530?_trkparms=5373%3A5000014449%7C5374%3ATech%7C5079%3A5000014481,0.0
2026-03-10 12:56:04,New Genuine MR22GA AKB76039907 For LG Magic Bluetooth Voice TV Remote Control,25.83,,Free shipping,https://www.ebay.com/itm/127224348199?_trkparms=5373%3A5000014449%7C5374%3ATech%7C5079%3A5000014481,
2026-03-10 12:56:04,NP-12LP NP12LP NEC Projector Lamp,61.0,61.0,Shipping info unavailable,https://www.ebay.com/itm/304670594290?_trkparms=5373%3A5000014449%7C5374%3ATech%7C5079%3A5000014481,0.0
2026-03-10 12:56:04,,,,Shipping info unavailable,https://www.ebay.com/globaldeals/tech/tv-video-home-audio/all,
2026-03-10 12:56:04,Banhammer Plushie - PHIGHTING - MAKESHIP,139.1,139.1,Shipping info unavailable,https://www.ebay.com/itm/306732507633?_trkparms=5373%3A5000014449%7C5374%3ATech%7C5079%3A5000014470,0.0
2026-03-10 12:56:04,Prototype Biohazard Bundle (2 Game) Xbox One Series X|S Ke.y VPN NO DISC,23.17,23.17,Shipping info unavailable,https://www.ebay.com/itm/326094304208?_trkparms=5373%3A5000014449%7C5374%3ATech%7C5079%3A5000014470,0.0
2026-03-10 12:56:04,🔥UPGRADED TITAN CLOCKMAN🔥TOILET TOWER DEFENSE - TTD UNIT - ULTIMATE!⚡💸,13.38,13.38,Shipping info unavailable,https://www.ebay.com/itm/389022358581?_trkparms=5373%3A5000014449%7C5374%3ATech%7C5079%3A5000014470,0.0
2026-03-10 12:56:04,"NGC - Mario Party 5 - (OVP, mit Anleitung)",57.91,57.91,Shipping info unavailable,https://www.ebay.com/itm/185261225945?_trkparms=5373%3A5000014449%7C5374%3ATech%7C5079%3A5000014470,0.0
2026-03-10 12:56:04,,,,Shipping info unavailable,https://www.ebay.com/globaldeals/tech/video-games-consoles/all,
2026-03-10 12:56:04,Case RIMOWA For iPhone 17 Pro - Aluminium!,150.71,150.71,Shipping info unavailable,https://www.ebay.com/itm/406320589171?_trkparms=5373%3A5000014449%7C5374%3ATech%7C5079%3A5000014474,0.0
2026-03-10 12:56:04,Original Genuine OEM Apple AirTag Loop / AirTag Leather Key Ring / Leather Loop,19.85,19.85,Shipping info unavailable,https://www.ebay.com/itm/402858625163?_trkparms=5373%3A5000014449%7C5374%3ATech%7C5079%3A5000014474,0.0
2026-03-10 12:56:04,Unused Black Jabra Classic Bluetooth Wireless HEADSET ONLY in Bulk Packaging,39.99,39.99,Shipping info unavailable,https://www.ebay.com/itm/155974055533?_trkparms=5373%3A5000014449%7C5374%3ATech%7C5079%3A5000014474,0.0
2026-03-10 12:56:04,SYNCO XView M4 Kabelloser Selfie-Monitor für iPhone & Android-Smartphone,57.91,57.91,Shipping info unavailable,https://www.ebay.com/itm/358150701695?_trkparms=5373%3A5000014449%7C5374%3ATech%7C5079%3A5000014474,0.0
2026-03-10 12:56:04,,,,Shipping info unavailable,https://www.ebay.com/globaldeals/tech/phone-cases-accessories/all,
2026-03-10 12:56:04,"6.5"" Touch Screen Replacement Fit for VW Jetta, Golf, GTI, Tiguan & Passat –",21.38,21.38,Shipping info unavailable,https://www.ebay.com/itm/227192792255?_trkparms=5373%3A5000014449%7C5374%3ATech%7C5079%3A5000014450,0.0
2026-03-10 12:56:04,The Most User-Friendly RaceBox Mini Mount Ever,23.0,23.0,Shipping info unavailable,https://www.ebay.com/itm/388145914701?_trkparms=5373%3A5000014449%7C5374%3ATech%7C5079%3A5000014450,0.0
2026-03-10 12:56:04,"JBL CLUB-82 8"" Marine Audio Speakers, Pair, 150W – White/Gray Grills",199.0,199.0,Shipping info unavailable,https://www.ebay.com/itm/396313279561?_trkparms=5373%3A5000014449%7C5374%3ATech%7C5079%3A5000014450,0.0
2026-03-10 12:56:04,Micodus 4G GPS Tracker MV810G Cut Off Fuel Multiple Anti-theft Alarms,28.59,28.59,Shipping info unavailable,https://www.ebay.com/itm/266860024859?_trkparms=5373%3A5000014449%7C5374%3ATech%7C5079%3A5000014450,0.0
2026-03-10 12:56:04,,,,Shipping info unavailable,https://www.ebay.com/globaldeals/tech/vehicle-electronics-gps/all,
2026-03-10 12:56:04,"FESTPLATTE FUJITSU A3C40096035 S26361-H1036-V100 146GB 15000U/min SAS 3.5"" Zoll",56.81,56.81,Shipping info unavailable,https://www.ebay.com/itm/404175896995?_trkparms=5373%3A5000014449%7C5374%3ATech%7C5079%3A5000014456,0.0
2026-03-10 12:56:04,DSLRKIT USB3.0 128GB USB Flash Drives Slim Thumb Mini Nano Micro Waterproof,26.99,26.99,Shipping info unavailable,https://www.ebay.com/itm/193531868910?_trkparms=5373%3A5000014449%7C5374%3ATech%7C5079%3A5000014456,0.0
2026-03-10 12:56:04,Cuter Bunny Cute Easter Funny USB Stick Various Capacities,17.41,17.41,Free shipping,https://www.ebay.com/itm/223568844869?_trkparms=5373%3A5000014449%7C5374%3ATech%7C5079%3A5000014456,0.0
2026-03-10 12:56:04,872479-B21 For HPE 1.2TB SAS 12G 10K 2.5 HDD SFF SC DS ENT 872737-001 872285-002,80.65,80.65,Free shipping,https://www.ebay.com/itm/167874394207?_trkparms=5373%3A5000014449%7C5374%3ATech%7C5079%3A5000014456,0.0
2026-03-10 12:56:04,,,,Shipping info unavailable,https://www.ebay.com/globaldeals/tech/memory-drives-storage/all,
2026-03-10 12:56:04,Shipping fee payment,170.0,170.0,Free shipping,https://www.ebay.com/itm/286876573624?_trkparms=5373%3A5000014449%7C5374%3ATech%7C5079%3A5000014472,0.0
2026-03-10 12:56:04,Original Xerox 006R01464 WorkCentre 7120 Toner cyan neu B,103.18,103.18,Shipping info unavailable,https://www.ebay.com/itm/127642825694?_trkparms=5373%3A5000014449%7C5374%3ATech%7C5079%3A5000014472,0.0
2026-03-10 12:56:04,Original Power Supply Board For Intermec PX4ie PX6ie Printer 1-971132-004FRE,329.0,329.0,Shipping info unavailable,https://www.ebay.com/itm/365165355636?_trkparms=5373%3A5000014449%7C5374%3ATech%7C5079%3A5000014472,0.0
2026-03-10 12:56:04,Genuine Set of 4 Konica Minolta TN321 CMYK A33K430/330/230/130 CMYK Toners,179.0,179.0,Shipping info unavailable,https://www.ebay.com/itm/236490545411?_trkparms=5373%3A5000014449%7C5374%3ATech%7C5079%3A5000014472,0.0
2026-03-10 12:56:04,,,,Shipping info unavailable,https://www.ebay.com/globaldeals/tech/printers-printer-supplies/all,
2026-03-10 12:56:04,NEW Apple iPod Classic 5th 6th 7th Generation 128GB 256GB 1TB Gray Silver Modded,173.0,173.0,Free shipping,https://www.ebay.com/itm/397396766865?_trkparms=5373%3A5000014449%7C5374%3ATech%7C5079%3A5000014460,0.0
2026-03-10 12:56:04,Sony Walkman Genuine Accessories NW-ZX707 Leather Case Black CKL-NWZX700,67.83,67.83,Shipping info unavailable,https://www.ebay.com/itm/155521712745?_trkparms=5373%3A5000014449%7C5374%3ATech%7C5079%3A5000014460,0.0
2026-03-10 12:56:04,SONY WALKMAN NW-ZX707 64GB Hi-Res ZX Series Audio Player Black From Japan,626.98,626.98,Free shipping,https://www.ebay.com/itm/205739896580?_trkparms=5373%3A5000014449%7C5374%3ATech%7C5079%3A5000014460,0.0
2026-03-10 12:56:04,Sony WF-XB700 Blue True Wireless Earbuds Bluetooth Extra Bass In-Ear Mic Used,95.99,95.99,Shipping info unavailable,https://www.ebay.com/itm/236581150126?_trkparms=5373%3A5000014449%7C5374%3ATech%7C5079%3A5000014460,0.0
2026-03-10 12:56:04,,,,Shipping info unavailable,https://www.ebay.com/globaldeals/tech/headphones-portable-audio/all,
2026-03-10 12:56:04,"CANON EF 24 mm 1:2,8",168.1,168.1,Shipping info unavailable,https://www.ebay.com/itm/406650588027?_trkparms=5373%3A5000014449%7C5374%3ATech%7C5079%3A5000014476,0.0
2026-03-10 12:56:04,New VOIGTLANDER NOKTON 40mm F1.2 Aspherical Lens for Nikon Z,707.19,707.19,Shipping info unavailable,https://www.ebay.com/itm/115631149863?_trkparms=5373%3A5000014449%7C5374%3ATech%7C5079%3A5000014476,0.0
2026-03-10 12:56:04,55mm Video Lens Hood Sony FDR-AX40 FDR-AX53 camcorder shade AX53 AX40 FDR AX43,39.99,39.99,Shipping info unavailable,https://www.ebay.com/itm/183295908583?_trkparms=5373%3A5000014449%7C5374%3ATech%7C5079%3A5000014476,0.0
2026-03-10 12:56:04,CANON RF-S10-18mm F4.5-6.3 IS STM Ultra Wide Zoom for RF Mount Lightweight,167.2,,Shipping info unavailable,https://www.ebay.com/itm/187782830629?_trkparms=5373%3A5000014449%7C5374%3ATech%7C5079%3A5000014476,
2026-03-10 12:56:04,,,,Shipping info unavailable,https://www.ebay.com/globaldeals/tech/lenses-filters/all,
2026-03-10 12:56:04,"AM Transmitter - Stream to Your Vintage Tube Radio - 3.5mm Aux, Mp3, Bluetooth",49.95,49.95,Shipping info unavailable,https://www.ebay.com/itm/146862567086?_trkparms=5373%3A5000014449%7C5374%3ATech%7C5079%3A5000014488,0.0
2026-03-10 12:56:04,"Jensen Transformers CI-2MINI Hum/Buzz Eliminator/Isolator - mobile, computer",239.99,239.99,Shipping info unavailable,https://www.ebay.com/itm/400279054316?_trkparms=5373%3A5000014449%7C5374%3ATech%7C5079%3A5000014488,0.0
2026-03-10 12:56:04,NEW Apple iPod Classic 5th 6th 7th Generation 128GB 256GB 1TB Gray Silver Modded,173.0,173.0,Free shipping,https://www.ebay.com/itm/397396766865?_trkparms=5373%3A5000014449%7C5374%3ATech%7C5079%3A5000014488,0.0
2026-03-10 12:56:04,"6.5"" Touch Screen Replacement Fit for VW Jetta, Golf, GTI, Tiguan & Passat –",21.38,21.38,Shipping info unavailable,https://www.ebay.com/itm/227192792255?_trkparms=5373%3A5000014449%7C5374%3ATech%7C5079%3A5000014488,0.0
2026-03-10 12:56:04,,,,Shipping info unavailable,https://www.ebay.com/globaldeals/tech/more-consumer-electronics/all,
2026-03-10 12:56:04,Max Verstappen Red Bull Formula 1 F1 Vinyl Figure 15 cm x 12 cm Funko Pop 72617,37.5,37.5,Shipping info unavailable,https://www.ebay.com/itm/315731882693?_trkparms=5373%3A5000014449%7C5374%3ATech%7C5079%3A5000014458,0.0
2026-03-10 12:56:04,Married With Children ~ Complete 5th Fifth Season 5 Five~ NEW 3-DISC DVD SET 11z,10.95,,Free shipping,https://www.ebay.com/itm/406697763087?_trkparms=5373%3A5000014449%7C5374%3ATech%7C5079%3A5000014458,
2026-03-10 12:56:04,TOUGH AND DEADLY (1995) --- Actionklassiker --- Rarität --- Uncut --- Neu & OVP,28.97,28.97,Shipping info unavailable,https://www.ebay.com/itm/226789673662?_trkparms=5373%3A5000014449%7C5374%3ATech%7C5079%3A5000014458,0.0
2026-03-10 12:56:04,The Pianist (4K UHD Blu-ray) Maureen Lipman Thomas Kretschmann Cyril Shaps,32.31,32.31,Shipping info unavailable,https://www.ebay.com/itm/177756927146?_trkparms=5373%3A5000014449%7C5374%3ATech%7C5079%3A5000014458,0.0
2026-03-10 12:56:04,,,,Shipping info unavailable,https://www.ebay.com/globaldeals/tech/dvds-movies/all,
2026-03-10 12:56:04,"Berserk XXL Mouse Pad - Your Desk w Guts, Griffith & Casca Desk mat",32.76,32.76,Free shipping,https://www.ebay.com/itm/276811915890?_trkparms=5373%3A5000014449%7C5374%3ATech%7C5079%3A5000014478,0.0
2026-03-10 12:56:04,EPOS Sennheiser SC 30 USB ML Monaural PC Headset Headphones for Skype 1000550,29.95,29.95,Shipping info unavailable,https://www.ebay.com/itm/393249388050?_trkparms=5373%3A5000014449%7C5374%3ATech%7C5079%3A5000014478,0.0
2026-03-10 12:56:04,Makima Chainsaw Man Mousepad Boobs 3D Ergonomic Wrist Rest,34.99,34.99,Free shipping,https://www.ebay.com/itm/365767928771?_trkparms=5373%3A5000014449%7C5374%3ATech%7C5079%3A5000014478,0.0
2026-03-10 12:56:04,"Laptop Stand, Foldable Adjustable, Ergonomic Aluminum Computer Tablet Stand Hold",22.0,22.0,Shipping info unavailable,https://www.ebay.com/itm/325237619580?_trkparms=5373%3A5000014449%7C5374%3ATech%7C5079%3A5000014478,0.0
2026-03-10 12:56:04,,,,Shipping info unavailable,https://www.ebay.com/globaldeals/tech/computer-accessories/all,
2026-03-10 12:56:04,Case RIMOWA For iPhone 17 Pro - Aluminium!,150.71,150.71,Shipping info unavailable,https://www.ebay.com/itm/406320589171?_trkparms=5373%3A5000014449%7C5374%3ATech%7C5079%3A5000014466,0.0
2026-03-10 12:56:04,Original Genuine OEM Apple AirTag Loop / AirTag Leather Key Ring / Leather Loop,19.85,19.85,Shipping info unavailable,https://www.ebay.com/itm/402858625163?_trkparms=5373%3A5000014449%7C5374%3ATech%7C5079%3A5000014466,0.0
2026-03-10 12:56:04,"top up 10€ credit any Estonia SIM card (Tele2, Elisa, Super, Zen, Telia Diil)",21.43,21.43,Free shipping,https://www.ebay.com/itm/297426809196?_trkparms=5373%3A5000014449%7C5374%3ATech%7C5079%3A5000014466,0.0
2026-03-10 12:56:04,"Sony Xperia 10 IV 5G XQ-CC54 128GB 6.0"" Android Global SmartPhone",171.58,171.58,Free shipping,https://www.ebay.com/itm/197837525392?_trkparms=5373%3A5000014449%7C5374%3ATech%7C5079%3A5000014466,0.0
2026-03-10 12:56:04,,,,Shipping info unavailable,https://www.ebay.com/globaldeals/tech/more-cell-phones-accessories/all,
2026-03-10 12:56:04,1PCS NEW ABB ACS380-042N-05A6-4 Expedited Shipping FedEx/DHL,1150.0,1150.0,Free shipping,https://www.ebay.com/itm/375738596768?_trkparms=5373%3A5000014449%7C5374%3ATech%7C5079%3A5000014490,0.0
2026-03-10 12:56:04,FUJITSU D2939-B17 GS1 2x 2011 INTEL C600 24x DDR3 FÜR PRIMERGY RX300 S8,137.96,137.96,Shipping info unavailable,https://www.ebay.com/itm/404432513521?_trkparms=5373%3A5000014449%7C5374%3ATech%7C5079%3A5000014490,0.0
2026-03-10 12:56:04,VMware vCenter Server 8 Standard/ 8 Enterprise Plus BUNDLE - Lifetime Licenses,156.51,156.51,Free shipping,https://www.ebay.com/itm/187941663870?_trkparms=5373%3A5000014449%7C5374%3ATech%7C5079%3A5000014490,0.0
2026-03-10 12:56:04,PSU Dell Force10 300W F2R Normal Flow 48V DC NMG1T,139.12,139.12,Shipping info unavailable,https://www.ebay.com/itm/365666689641?_trkparms=5373%3A5000014449%7C5374%3ATech%7C5079%3A5000014490,0.0
2026-03-10 12:56:04,,,,Shipping info unavailable,https://www.ebay.com/globaldeals/tech/more-computer-accessories/all,
2026-03-10 11:24:09,eufy SoloCam S3 Solar Wireless Security Camera 360°PTZ 3K Dual-Cam Night Vision,,,Free shipping,https://www.ebay.com/itm/386708545260?_trkparms=5373%3A5000006400%7C5374%3ATech%7C5079%3A5000006400,
2026-03-10 11:24:09,Samsung Galaxy S22+ 128GB S906U Unlocked - Very Good,,,Shipping info unavailable,https://www.ebay.com/itm/255788146958?_trkparms=5373%3A5000006400%7C5374%3ATech%7C5079%3A5000006400,
2026-03-10 11:24:09,Samsung Galaxy S21 5G 128GB G991U Unlocked - Good,,,Shipping info unavailable,https://www.ebay.com/itm/254987231741?_trkparms=5373%3A5000006400%7C5374%3ATech%7C5079%3A5000006400,
2026-03-10 11:24:09,Samsung Galaxy S23 Ultra S918U1 256GB Unlocked - Very Good Refurbished,,,Shipping info unavailable,https://www.ebay.com/itm/205816814214?_trkparms=5373%3A5000006400%7C5374%3ATech%7C5079%3A5000006400,
2026-03-10 11:24:09,"Microsoft Xbox Wireless Controller For Xbox Series X / S, Xbox One & Windows PC",,,Shipping info unavailable,https://www.ebay.com/itm/275287871839?_trkparms=5373%3A5000006400%7C5374%3ATech%7C5079%3A5000006400,
2026-03-10 11:24:09,Apple iPhone 14 Pro 256GB Unlocked - Excellent,,,Shipping info unavailable,https://www.ebay.com/itm/257331960588?_trkparms=5373%3A5000006400%7C5374%3ATech%7C5079%3A5000006400,
2026-03-10 11:24:09,Samsung Galaxy S22+ 128GB S906U Unlocked - Good,,,Shipping info unavailable,https://www.ebay.com/itm/255803826545?_trkparms=5373%3A5000006400%7C5374%3ATech%7C5079%3A5000006400,
2026-03-10 11:24:09,Apple iPhone 15 256GB Factory Unlocked AT&T T-Mobile Verizon Very Good Condition,,,Shipping info unavailable,https://www.ebay.com/itm/296120880922?_trkparms=5373%3A5000006400%7C5374%3ATech%7C5079%3A5000006400,
2026-03-10 11:24:09,Samsung Galaxy Watch4 Classic R880 42mm Black GPS + WiFi + Bluetooth - Very Good,,,Shipping info unavailable,https://www.ebay.com/itm/313891339572?_trkparms=5373%3A5000006400%7C5374%3ATech%7C5079%3A5000006400,
2026-03-10 11:24:09,Apple iPhone 14 Pro 256GB Unlocked - Very Good,,,Shipping info unavailable,https://www.ebay.com/itm/257331960624?_trkparms=5373%3A5000006400%7C5374%3ATech%7C5079%3A5000006400,
2026-03-10 11:24:09,Apple Pencil (USB-C) - White Stylus MUWA3AM/A with Pixel-Perfect Precision,,,Shipping info unavailable,https://www.ebay.com/itm/296262723993?_trkparms=5373%3A5000006400%7C5374%3ATech%7C5079%3A5000006400,
2026-03-10 11:24:09,"Google Pixel 9 Pro 256GB 6.3"" 5G Fully Unlocked, Excellent - Has LCD Shadow",,,Shipping info unavailable,https://www.ebay.com/itm/406685045390?_trkparms=5373%3A5000006400%7C5374%3ATech%7C5079%3A5000006400,
2026-03-10 11:24:09,Apple iPhone 16 Plus 128GB Unlocked Good Condition,,,Shipping info unavailable,https://www.ebay.com/itm/227011332517?_trkparms=5373%3A5000006400%7C5374%3ATech%7C5079%3A5000006400,
2026-03-10 11:24:09,Apple iPhone 16 256GB Factory Unlocked AT&T T-Mobile Verizon Very Good Condition,,,Shipping info unavailable,https://www.ebay.com/itm/296819057702?_trkparms=5373%3A5000006400%7C5374%3ATech%7C5079%3A5000006400,
2026-03-10 11:24:09,"Bose Solo Soundbar 2 Home Theater, Certified Refurbished",,,Shipping info unavailable,https://www.ebay.com/itm/167031735841?_trkparms=5373%3A5000006400%7C5374%3ATech%7C5079%3A5000006400,
2026-03-10 11:24:09,Apple iPhone 16 Pro 256GB Unlocked Excellent Condition,,,Shipping info unavailable,https://www.ebay.com/itm/226983072197?_trkparms=5373%3A5000006400%7C5374%3ATech%7C5079%3A5000006400,
2026-03-10 11:24:09,Samsung Galaxy S23+ 256GB S916U Unlocked - Good,,,Shipping info unavailable,https://www.ebay.com/itm/256372558330?_trkparms=5373%3A5000006400%7C5374%3ATech%7C5079%3A5000006400,
2026-03-10 11:24:09,Apple iPhone 16 Pro 512GB Unlocked Good Condition,,,Shipping info unavailable,https://www.ebay.com/itm/227030019541?_trkparms=5373%3A5000006400%7C5374%3ATech%7C5079%3A5000006400,
2026-03-10 11:24:09,Apple Watch Series SE (2nd Gen) 40mm GPS + WiFi + Cellular Unlocked - Good,,,Shipping info unavailable,https://www.ebay.com/itm/314605138200?_trkparms=5373%3A5000006400%7C5374%3ATech%7C5079%3A5000006400,
2026-03-10 11:24:09,Apple iPhone 12 Pro Max 128GB Fully Unlocked - EXCELLENT Condition,,,Shipping info unavailable,https://www.ebay.com/itm/225966696293?_trkparms=5373%3A5000006400%7C5374%3ATech%7C5079%3A5000006400,
2026-03-10 11:24:09,eufy SoloCam S340 Outdoor Solar Security Camera 3K Dual-Camera Pan&Tilt 8xZoom,,,Shipping info unavailable,https://www.ebay.com/itm/387549414157?_trkparms=5373%3A5000006400%7C5374%3ATech%7C5079%3A5000006400,
2026-03-10 11:24:09,Apple iPhone 12 128GB - Fully Unlocked - VERY GOOD Condition,,,Shipping info unavailable,https://www.ebay.com/itm/225936656368?_trkparms=5373%3A5000006400%7C5374%3ATech%7C5079%3A5000006400,
2026-03-10 11:24:09,Retevis H777 walkie talkie long range Rechargeable 2W FRS Two Way Radios 10 Pack,,,Free shipping,https://www.ebay.com/itm/193602869616?_trkparms=5373%3A5000006400%7C5374%3ATech%7C5079%3A5000006400,
2026-03-10 11:24:09,Apple iPad Pro 11-inch M4 Chip 256GB Wi-Fi / Cellular Silver MVV93LL/A Good,,,Shipping info unavailable,https://www.ebay.com/itm/227037915412?_trkparms=5373%3A5000006400%7C5374%3ATech%7C5079%3A5000006400,
2026-03-10 11:24:09,Apple Watch Series 8 41mm GPS + WiFi + Cellular Unlocked Aluminum Case - Good,,,Shipping info unavailable,https://www.ebay.com/itm/195779072047?_trkparms=5373%3A5000006400%7C5374%3ATech%7C5079%3A5000006400,
2026-03-10 11:24:09,Apple Watch Series 7 41mm GPS + WiFi + Cellular Unlocked Aluminum Case - Good,,,Shipping info unavailable,https://www.ebay.com/itm/404057662041?_trkparms=5373%3A5000006400%7C5374%3ATech%7C5079%3A5000006400,
2026-03-10 11:24:09,Google Pixel Watch 3 - 45mm (LTE + WI-Fi /Bluetooth) - Matte Black - Good,,,Shipping info unavailable,https://www.ebay.com/itm/405860002220?_trkparms=5373%3A5000006400%7C5374%3ATech%7C5079%3A5000006400,
2026-03-10 11:24:09,"Google Pixel 9 Pro XL 5G (256GB, 16GB) 6.8"" Unlocked Black Excellent LCD Shadow",,,Shipping info unavailable,https://www.ebay.com/itm/406712646965?_trkparms=5373%3A5000006400%7C5374%3ATech%7C5079%3A5000006400,
2026-03-10 11:24:09,Reolink 16MP 36 Channel Network Video Recorder NVR for Security Camera System,,,Free shipping,https://www.ebay.com/itm/134318905821?_trkparms=5373%3A5000006400%7C5374%3ATech%7C5079%3A5000006400,
2026-03-10 11:24:09,"Garmin dezl OTR720 Touchscreen 7"" Trucking GPS Navigator 010-02924-00",,,Shipping info unavailable,https://www.ebay.com/itm/187700000728?_trkparms=5373%3A5000006400%7C5374%3ATech%7C5079%3A5000006400,
2026-03-10 11:24:09,Apple iPhone 13 Pro Max 128GB - Fully Unlocked - EXCELLENT Condition,,,Shipping info unavailable,https://www.ebay.com/itm/326361822196?_trkparms=5373%3A5000006400%7C5374%3ATech%7C5079%3A5000006400,
2026-03-10 11:24:09,Apple Watch Ultra GPS & Cellular 49mm Titanium Trail Alpine Loop Ocean Excellent,,,Free shipping,https://www.ebay.com/itm/406318312547?_trkparms=5373%3A5000006400%7C5374%3ATech%7C5079%3A5000006400,
2026-03-10 11:24:09,REDTIGER F7NP 128GB Dash Camera Front and Rear 4K Dash Cam With WiFi&GPS,,,Free shipping,https://www.ebay.com/itm/286761406185?_trkparms=5373%3A5000006400%7C5374%3ATech%7C5079%3A5000006400,
2026-03-10 11:24:09,Apple iPhone 17 Pro 512GB Unlocked AT&T T-Mobile Verizon Excellent Condition,,,Free shipping,https://www.ebay.com/itm/297972009290?_trkparms=5373%3A5000006400%7C5374%3ATech%7C5079%3A5000006400,
2026-03-10 11:24:09,Skullcandy CRUSHER ANC 2 Wireless Headphones SENSORY BASS (Cert Refurb)-BLACKTAN,,,Free shipping,https://www.ebay.com/itm/375792866933?_trkparms=5373%3A5000006400%7C5374%3ATech%7C5079%3A5000006400,
2026-03-10 11:24:09,Google Pixel 9 Pro 256GB Unlocked AT&T T-Mobile Verizon Very Good Condition,,,Free shipping,https://www.ebay.com/itm/297962535345?_trkparms=5373%3A5000006400%7C5374%3ATech%7C5079%3A5000006400,
2026-03-10 11:24:09,VIZIO V20x-J8B-RB V-Series 2.0 Compact Sound Bar - Certified Refurbished,,,Free shipping,https://www.ebay.com/itm/135394456824?_trkparms=5373%3A5000006400%7C5374%3ATech%7C5079%3A5000006400,
2026-03-10 11:24:09,Apple iPhone 16 128GB Unlocked Smartphone A3081 Good Condition,,,Free shipping,https://www.ebay.com/itm/227050861810?_trkparms=5373%3A5000006400%7C5374%3ATech%7C5079%3A5000006423,
2026-03-10 11:24:09,Samsung Galaxy S21 5G 128GB G991U Unlocked - Good,,,Free shipping,https://www.ebay.com/itm/254987231741?_trkparms=5373%3A5000006400%7C5374%3ATech%7C5079%3A5000006423,
2026-03-10 11:24:09,Apple iPhone 15 Pro 512GB Unlocked AT&T T-Mobile Verizon Very Good Condition,,,Free shipping,https://www.ebay.com/itm/296106949477?_trkparms=5373%3A5000006400%7C5374%3ATech%7C5079%3A5000006423,
2026-03-10 11:24:09,UMIDIGI BISON Pro 4GB/8GB+128GB NFC Dual SIM 48MP Rugged Android Smartphone,,,Free shipping,https://www.ebay.com/itm/177660070141?_trkparms=5373%3A5000006400%7C5374%3ATech%7C5079%3A5000006423,
2026-03-10 11:24:09,,,,Shipping info unavailable,https://www.ebay.com/deals/tech/cell-phones,
2026-03-10 11:24:09,"HP OmniBook X 14-fk00 2-in-1 14"" Touch Laptop, Ryzen 7, 24GB, 1TB, Windows",,,Free shipping,https://www.ebay.com/itm/167860839015?_trkparms=5373%3A5000006400%7C5374%3ATech%7C5079%3A5000006407,
2026-03-10 11:24:09,"Acer Swift Go 14"" Laptop Intel Core Ultra 7 155H 16GB RAM 1TB SSD Refurbished",,,Free shipping,https://www.ebay.com/itm/276709583737?_trkparms=5373%3A5000006400%7C5374%3ATech%7C5079%3A5000006407,
2026-03-10 11:24:09,"2021 Apple M1 Pro MacBook Pro 16"" 32GB/512GB SSD - (Space Gray) A2485 w/Warranty",,,Free shipping,https://www.ebay.com/itm/146647402645?_trkparms=5373%3A5000006400%7C5374%3ATech%7C5079%3A5000006407,
2026-03-10 11:24:09,"HP EliteBook 845 G8 14"" FHD IPS AMD Ryzen 5 PRO 5650U 32GB 256GB SSD W11P Laptop",,,Free shipping,https://www.ebay.com/itm/376992070163?_trkparms=5373%3A5000006400%7C5374%3ATech%7C5079%3A5000006407,
2026-03-10 11:24:09,,,,Shipping info unavailable,https://www.ebay.com/deals/tech/laptops-netbooks,
2026-03-10 11:24:09,Samsung HW-B750F 5.1ch Bluetooth Soundbar with Wireless Subwoofer – 2025 Model,,,Free shipping,https://www.ebay.com/itm/157040074913?_trkparms=5373%3A5000006400%7C5374%3ATech%7C5079%3A5000006409,
2026-03-10 11:24:09,"Bose Solo Soundbar 2 Home Theater, Certified Refurbished",,,Free shipping,https://www.ebay.com/itm/167031735841?_trkparms=5373%3A5000006400%7C5374%3ATech%7C5079%3A5000006409,
2026-03-10 11:24:09,Epson BrightLink 1485Fi FHD 5000Lumen 3LCD Interactive Classroom Laser Projector,,,Free shipping,https://www.ebay.com/itm/175297139043?_trkparms=5373%3A5000006400%7C5374%3ATech%7C5079%3A5000006409,
2026-03-10 11:24:09,Samsung 656W 11.1.4-Ch 656W Dolby Atmos Soundbar System HW-Q990D/ZA,,,Free shipping,https://www.ebay.com/itm/395482986060?_trkparms=5373%3A5000006400%7C5374%3ATech%7C5079%3A5000006409,
2026-03-10 11:24:09,,,,Shipping info unavailable,https://www.ebay.com/deals/tech/tv-video-home-audio,
2026-03-10 11:24:09,SVBONY MK127 127mm Telescope Professional Maksutov-Cassegrain Planetary Visual,,,Free shipping,https://www.ebay.com/itm/197423012127?_trkparms=5373%3A5000006400%7C5374%3ATech%7C5079%3A5000006430,
2026-03-10 11:24:09,SVBONY SV48P 102mm f/6.5 Telescope Astronomical Professional for Observation,,,Free shipping,https://www.ebay.com/itm/196534578698?_trkparms=5373%3A5000006400%7C5374%3ATech%7C5079%3A5000006430,
2026-03-10 11:24:09,OM System Olympus OM-1 20MP Stacked Sensor Mirrorless Camera,,,Free shipping,https://www.ebay.com/itm/205975048161?_trkparms=5373%3A5000006400%7C5374%3ATech%7C5079%3A5000006430,
2026-03-10 11:24:09,OM System Olympus OM-1 Mirrorless Camera w/12-40mm f/2.8 Pro II Lens,,,Free shipping,https://www.ebay.com/itm/147075451628?_trkparms=5373%3A5000006400%7C5374%3ATech%7C5079%3A5000006430,
2026-03-10 11:24:09,,,,Shipping info unavailable,https://www.ebay.com/deals/tech/cameras-photo,
2026-03-10 11:24:09,Nintendo Switch OLED 64GB Game Console + 1 Year🛡️ Warranty | 2-Day Shipping📦✈️,,,Free shipping,https://www.ebay.com/itm/357950678927?_trkparms=5373%3A5000006400%7C5374%3ATech%7C5079%3A5000006401,
2026-03-10 11:24:09,Nex Playground Active Play System Motion Gaming Console AI Controller New OB,,,Free shipping,https://www.ebay.com/itm/389679669427?_trkparms=5373%3A5000006400%7C5374%3ATech%7C5079%3A5000006401,
2026-03-10 11:24:09,"Gaming Charging Case 20W for Nintendo Switch 2, Sage Green",,,Free shipping,https://www.ebay.com/itm/127701925145?_trkparms=5373%3A5000006400%7C5374%3ATech%7C5079%3A5000006401,
2026-03-10 11:24:09,"Gaming Charging Case 20W for Nintendo Switch 2, Sand",,,Free shipping,https://www.ebay.com/itm/127701925104?_trkparms=5373%3A5000006400%7C5374%3ATech%7C5079%3A5000006401,
2026-03-10 11:24:09,,,,Shipping info unavailable,https://www.ebay.com/deals/tech/video-games-consoles,
2026-03-10 11:24:09,TABWEE T90 Android Tablet With GPS 11 Inch Andriod 16 24GB+128GB 8000mAh T615,,,Free shipping,https://www.ebay.com/itm/366144621889?_trkparms=5373%3A5000006400%7C5374%3ATech%7C5079%3A5000006415,
2026-03-10 11:24:09,"Apple iPad Air 5 M1 (2022) 10.9"" 64GB 256GB - WiFi or Cellular - Good",,,Free shipping,https://www.ebay.com/itm/157484606510?_trkparms=5373%3A5000006400%7C5374%3ATech%7C5079%3A5000006415,
2026-03-10 11:24:09,Apple iPad Pro 12.9″ (5th Gen 2021) Wi-Fi M1 Excellent Condition 1 Year Warranty,,,Free shipping,https://www.ebay.com/itm/227211848353?_trkparms=5373%3A5000006400%7C5374%3ATech%7C5079%3A5000006415,
2026-03-10 11:24:09,"Apple iPad Pro6 Tablet 12.9"" 6th Gen 2022 WiFi / 5G Models Pro 6 -M2 Very Good",,,Free shipping,https://www.ebay.com/itm/364759523674?_trkparms=5373%3A5000006400%7C5374%3ATech%7C5079%3A5000006415,
2026-03-10 11:24:09,,,,Shipping info unavailable,https://www.ebay.com/deals/tech/ipads-tablets-ereaders,
2026-03-10 11:24:09,Apple AirPods Pro 2nd Generation Gen 2 2023 A2968 with Magsafe USB-C Charging,,,Free shipping,https://www.ebay.com/itm/285636515887?_trkparms=5373%3A5000006400%7C5374%3ATech%7C5079%3A5000006419,
2026-03-10 11:24:09,Anker 737 Power Bank 24000mAh 3-Port Portable Charger 140W for iPhone 14/MacBook,,,Free shipping,https://www.ebay.com/itm/385840234596?_trkparms=5373%3A5000006400%7C5374%3ATech%7C5079%3A5000006419,
2026-03-10 11:24:09,Samsung Galaxy Buds+ Plus SM-R175 Bluetooth True Wireless Earbuds 2020 Colors SR,,,Free shipping,https://www.ebay.com/itm/185460063087?_trkparms=5373%3A5000006400%7C5374%3ATech%7C5079%3A5000006419,
2026-03-10 11:24:09,Apple AirPods Pro 3 Wireless Active Noise Cancelling Earbuds Magsafe MFHP4LL/A,,,Free shipping,https://www.ebay.com/itm/277504800257?_trkparms=5373%3A5000006400%7C5374%3ATech%7C5079%3A5000006419,
2026-03-10 11:24:09,,,,Shipping info unavailable,https://www.ebay.com/deals/tech/phone-cases-accessories,
2026-03-10 11:24:09,Samsung - 870 EVO 1TB Internal SSD SATA,,,Free shipping,https://www.ebay.com/itm/196131940356?_trkparms=5373%3A5000006400%7C5374%3ATech%7C5079%3A5000006421,
2026-03-10 11:24:09,"2-Bay/4-Bay Hard Drive Enclosure for 3.5""/2.5'' SATA HDD/SSD 10Gbps USB-C 3.2",,,Free shipping,https://www.ebay.com/itm/236532412408?_trkparms=5373%3A5000006400%7C5374%3ATech%7C5079%3A5000006421,
2026-03-10 11:24:09,WL OEM 20TB 7.2K RPM SATA 6Gb/s 3.5in Enterprise HDD,,,Free shipping,https://www.ebay.com/itm/297831103459?_trkparms=5373%3A5000006400%7C5374%3ATech%7C5079%3A5000006421,
2026-03-10 11:24:09,"Samsung - Geek Squad Certified Refurbished T9 Portable SSD 4TB, Up to 2,000MB...",,,Free shipping,https://www.ebay.com/itm/205471528497?_trkparms=5373%3A5000006400%7C5374%3ATech%7C5079%3A5000006421,
2026-03-10 11:24:09,,,,Shipping info unavailable,https://www.ebay.com/itm/326859827047?_trkparms=5373%3A5000006400%7C5374%3ATech%7C5079%3A5000006421,
2026-03-10 11:24:09,JBL PartyBox 1000 Portable Bluetooth Party Speaker with Full Panel Light Effects,,,Free shipping,https://www.ebay.com/itm/184651964031?_trkparms=5373%3A5000006400%7C5374%3ATech%7C5079%3A5000006403,
2026-03-10 11:24:09,"Soundcore Anker Life Q20 Hybrid Active Noise Cancelling Headphones, Wireless",,,Free shipping,https://www.ebay.com/itm/389129473103?_trkparms=5373%3A5000006400%7C5374%3ATech%7C5079%3A5000006403,
2026-03-10 11:24:09,Beats Fit Pro Ear Hooks Ear wings Replacement Black White Purple Gray Blue 1Pair,,,Free shipping,https://www.ebay.com/itm/376769728164?_trkparms=5373%3A5000006400%7C5374%3ATech%7C5079%3A5000006403,
2026-03-10 11:24:09,JBL JBLPARTYBOXULTAM-Z PartyBox Ultimate Speaker - Certified Refurbished,,,Free shipping,https://www.ebay.com/itm/135712104253?_trkparms=5373%3A5000006400%7C5374%3ATech%7C5079%3A5000006403,
2026-03-10 11:24:09,,,,Shipping info unavailable,https://www.ebay.com/deals/tech/headphones-portable-audio,
2026-03-10 11:24:09,Bundle: Canon SELPHY CP1500 Compact Photo Printer White with KP-108IN Paper Set,,,Free shipping,https://www.ebay.com/itm/196220534433?_trkparms=5373%3A5000006400%7C5374%3ATech%7C5079%3A5000006417,
2026-03-10 11:24:09,Genuine HP 646A CF032AC Yellow High Yield Toner 12.5K HP LaserJet CM4540 MFP NEW,,,Free shipping,https://www.ebay.com/itm/305583237926?_trkparms=5373%3A5000006400%7C5374%3ATech%7C5079%3A5000006417,
2026-03-10 11:24:09,Genuine HP 646A CF033AC Magenta High Yield Toner 12.5K LaserJet CM4540 MFP NEW,,,Free shipping,https://www.ebay.com/itm/305583258247?_trkparms=5373%3A5000006400%7C5374%3ATech%7C5079%3A5000006417,
2026-03-10 11:24:09,Canon Selphy CP1500 Wireless Compact Photo Printer (Black),,,Free shipping,https://www.ebay.com/itm/376377515182?_trkparms=5373%3A5000006400%7C5374%3ATech%7C5079%3A5000006417,
2026-03-10 11:24:09,,,,Shipping info unavailable,https://www.ebay.com/deals/tech/printers-printer-supplies,
2026-03-10 11:24:09,REDTIGER 4K Dash Cam Front and Rear with AI-Powered Driver Assistance G-Sensor,,,Free shipping,https://www.ebay.com/itm/285933024479?_trkparms=5373%3A5000006400%7C5374%3ATech%7C5079%3A5000006432,
2026-03-10 11:24:09,MUCAR 892BT Full Systems Car Bidirectional Diagnostic Scan Tool Life Free Update,,,Free shipping,https://www.ebay.com/itm/397321692203?_trkparms=5373%3A5000006400%7C5374%3ATech%7C5079%3A5000006432,
2026-03-10 11:24:09,2026 Thinkscan Plus S7 Car OBD2 Scanner Auto Diagnostic Tool ABS SRS BCM IC AC,,,Free shipping,https://www.ebay.com/itm/394131576153?_trkparms=5373%3A5000006400%7C5374%3ATech%7C5079%3A5000006432,
2026-03-10 11:24:09,"REDTIGER F17 4K 3 Channel Dash Cam, 5G WiFi Front and Rear Inside 64GB SD Card",,,Free shipping,https://www.ebay.com/itm/285472410074?_trkparms=5373%3A5000006400%7C5374%3ATech%7C5079%3A5000006432,
2026-03-10 11:24:09,,,,Shipping info unavailable,https://www.ebay.com/deals/tech/vehicle-electronics-gps,
2026-03-10 11:24:09,Olympus OM System 12-40mm f2.8 M.Zuiko ED PRO II Lens Micro 4/3 MFT,,,Free shipping,https://www.ebay.com/itm/205996230549?_trkparms=5373%3A5000006400%7C5374%3ATech%7C5079%3A5000006425,
2026-03-10 11:24:09,"PANASONIC LUMIX G Leica DG ELMARIT Professional Lens, 200mm, F2.8 ASPH,",,,Free shipping,https://www.ebay.com/itm/197772160091?_trkparms=5373%3A5000006400%7C5374%3ATech%7C5079%3A5000006425,
2026-03-10 11:24:09,Sony FE 24-70mm f/2.8 GM II Lens - Fast USA Shipping!,,,Free shipping,https://www.ebay.com/itm/206009821598?_trkparms=5373%3A5000006400%7C5374%3ATech%7C5079%3A5000006425,
2026-03-10 11:24:09,Sony FE 70-200mm f2.8 GM OSS II Lens SEL70200GM2 *Sony USA Warranty,,,Free shipping,https://www.ebay.com/itm/147103302859?_trkparms=5373%3A5000006400%7C5374%3ATech%7C5079%3A5000006425,
2026-03-10 11:24:09,,,,Shipping info unavailable,https://www.ebay.com/deals/tech/lenses-filters,
2026-03-10 11:24:09,JBL PartyBox 1000 Portable Bluetooth Party Speaker with Full Panel Light Effects,,,Free shipping,https://www.ebay.com/itm/184651964031?_trkparms=5373%3A5000006400%7C5374%3ATech%7C5079%3A5000006413,
2026-03-10 11:24:09,Samsung HW-B750F 5.1ch Bluetooth Soundbar with Wireless Subwoofer – 2025 Model,,,Free shipping,https://www.ebay.com/itm/157040074913?_trkparms=5373%3A5000006400%7C5374%3ATech%7C5079%3A5000006413,
2026-03-10 11:24:09,"Bose Solo Soundbar 2 Home Theater, Certified Refurbished",,,Free shipping,https://www.ebay.com/itm/167031735841?_trkparms=5373%3A5000006400%7C5374%3ATech%7C5079%3A5000006413,
2026-03-10 11:24:09,"Soundcore Anker Life Q20 Hybrid Active Noise Cancelling Headphones, Wireless",,,Free shipping,https://www.ebay.com/itm/389129473103?_trkparms=5373%3A5000006400%7C5374%3ATech%7C5079%3A5000006413,
2026-03-10 11:24:09,,,,Shipping info unavailable,https://www.ebay.com/deals/tech/more-consumer-electronics,
2026-03-10 11:24:09,Apple Pencil (USB-C) - White Stylus MUWA3AM/A with Pixel-Perfect Precision,,,Free shipping,https://www.ebay.com/itm/296262723993?_trkparms=5373%3A5000006400%7C5374%3ATech%7C5079%3A5000006427,
2026-03-10 11:24:09,Belkin Thunderbolt 3 Dock Pro (Certified Refurbished) - Space Grey,,,Free shipping,https://www.ebay.com/itm/127463179236?_trkparms=5373%3A5000006400%7C5374%3ATech%7C5079%3A5000006427,
2026-03-10 11:24:09,Belkin USB-C Multimedia Hub (Certified Refurbished) - Silver,,,Free shipping,https://www.ebay.com/itm/127463179126?_trkparms=5373%3A5000006400%7C5374%3ATech%7C5079%3A5000006427,
2026-03-10 11:24:09,Belkin Thunderbolt 3 Dock Plus (Certified Refurbished) - Black,,,Free shipping,https://www.ebay.com/itm/127463179800?_trkparms=5373%3A5000006400%7C5374%3ATech%7C5079%3A5000006427,
2026-03-10 11:24:09,,,,Shipping info unavailable,https://www.ebay.com/deals/tech/computer-accessories,
2026-03-10 11:24:09,Apple iPhone 16 128GB Unlocked Smartphone A3081 Good Condition,,,Free shipping,https://www.ebay.com/itm/227050861810?_trkparms=5373%3A5000006400%7C5374%3ATech%7C5079%3A5000006411,
2026-03-10 11:24:09,Samsung Galaxy S21 5G 128GB G991U Unlocked - Good,,,Free shipping,https://www.ebay.com/itm/254987231741?_trkparms=5373%3A5000006400%7C5374%3ATech%7C5079%3A5000006411,
2026-03-10 11:24:09,Apple iPhone 15 Pro 512GB Unlocked AT&T T-Mobile Verizon Very Good Condition,,,Free shipping,https://www.ebay.com/itm/296106949477?_trkparms=5373%3A5000006400%7C5374%3ATech%7C5079%3A5000006411,
2026-03-10 11:24:09,Apple AirPods Pro 2nd Generation Gen 2 2023 A2968 with Magsafe USB-C Charging,,,Free shipping,https://www.ebay.com/itm/285636515887?_trkparms=5373%3A5000006400%7C5374%3ATech%7C5079%3A5000006411,
2026-03-10 11:24:09,,,,Shipping info unavailable,https://www.ebay.com/deals/tech/more-cell-phones-accessories,
2026-03-10 11:24:09,Acer PM161Q 15.6in Portable Monitor FHD 1920x1080 250nit 60Hz 20ms Refurbished,,,Free shipping,https://www.ebay.com/itm/276789897235?_trkparms=5373%3A5000006400%7C5374%3ATech%7C5079%3A5000006405,
2026-03-10 11:24:09,"LG UltraWide 34"" WQHD HDR 10 120Hz 5ms Curved Monitor Black 34U62TB-B 2025 Model",,,Free shipping,https://www.ebay.com/itm/136761082570?_trkparms=5373%3A5000006400%7C5374%3ATech%7C5079%3A5000006405,
2026-03-10 11:24:09,"Refurbished HUION Kamvas Pro 19 18.4"" UHD Drawing Tablet Touch Screen PenTech4.0",,,Free shipping,https://www.ebay.com/itm/335438627589?_trkparms=5373%3A5000006400%7C5374%3ATech%7C5079%3A5000006405,
2026-03-10 11:24:09,"Refurbished HUION Kamvas 13 (Gen 3) 13.3"" Graphic Tablet Pen Display PenTech4.0",,,Free shipping,https://www.ebay.com/itm/335778622198?_trkparms=5373%3A5000006400%7C5374%3ATech%7C5079%3A5000006405,
2026-03-10 11:24:09,,,,Shipping info unavailable,https://www.ebay.com/deals/tech/more-computer-accessories,
2026-03-10 14:03:02,"Sony Xperia 10 IV 5G XQ-CC54 128GB 6.0"" Android Global SmartPhone",171.58,171.58,Free shipping,https://www.ebay.com/itm/197837525392?_trkparms=5373%3A5000014449%7C5374%3ATech%7C5079%3A5000014468,0.0
2026-03-10 14:03:02,Nokia 1209 - Midnight Blue (Unlocked) Cellular Phone,36.97,,Free shipping,https://www.ebay.com/itm/167612398310?_trkparms=5373%3A5000014449%7C5374%3ATech%7C5079%3A5000014468,
2026-03-10 14:03:02,"Cartine Rizla Liquorice Corte – Gusto Naturale Liquirizia, 50 Libretti",35.94,35.94,Free shipping,https://www.ebay.com/itm/364382641988?_trkparms=5373%3A5000014449%7C5374%3ATech%7C5079%3A5000014468,0.0
2026-03-10 14:03:02,Honor Magic V 5G 512GB Google Android 12 Snapdragon Foldable Phone,540.76,540.76,Free shipping,https://www.ebay.com/itm/406378990824?_trkparms=5373%3A5000014449%7C5374%3ATech%7C5079%3A5000014468,0.0
2026-03-10 14:03:02,,,,Shipping info unavailable,https://www.ebay.com/globaldeals/tech/cell-phones/all,
2026-03-10 14:03:02,Lenvo ThinkPad T540P i7 8GB 240GB SSD 15.6 Zoll 1920x1080p Windows 11 - Office,230.7,230.7,Shipping info unavailable,https://www.ebay.com/itm/404894536912?_trkparms=5373%3A5000014449%7C5374%3ATech%7C5079%3A5000014452,0.0
2026-03-10 14:03:02,HP Elitebook 840 G8 i7-11651G7 2.8GHz 16 GB RAM 512 GB SSD Laptop,299.99,299.99,Shipping info unavailable,https://www.ebay.com/itm/297850670812?_trkparms=5373%3A5000014449%7C5374%3ATech%7C5079%3A5000014452,0.0
2026-03-10 14:03:02,"Lenovo Thinkpad X1 Fold G2, Fold 16 LTE 5G 2TB i7 16-32GB Foldable OLED Pen Gar",1699.96,1699.96,Shipping info unavailable,https://www.ebay.com/itm/227127579734?_trkparms=5373%3A5000014449%7C5374%3ATech%7C5079%3A5000014452,0.0
2026-03-10 14:03:02,"Red Fury Panasonic Toughbook CF-31 i5, 16GB, 1TB SSD, TouchScreen, GPS, 4G/LTE",580.5,580.5,Shipping info unavailable,https://www.ebay.com/itm/142551201272?_trkparms=5373%3A5000014449%7C5374%3ATech%7C5079%3A5000014452,0.0
2026-03-10 14:03:02,,,,Shipping info unavailable,https://www.ebay.com/globaldeals/tech/laptops-netbooks/all,
2026-03-10 14:03:02,3.5mm Microphone Adapter for DJI Osmo Action 4 and 5 USB C Charging Port,28.49,28.49,Shipping info unavailable,https://www.ebay.com/itm/146980640738?_trkparms=5373%3A5000014449%7C5374%3ATech%7C5079%3A5000014464,0.0
2026-03-10 14:03:02,8K 2.1 Micro HDMI to Full HDMI Braided Coiled Cable for Atomos Ninja V 4K 60P,19.99,19.99,Free shipping,https://www.ebay.com/itm/204083474624?_trkparms=5373%3A5000014449%7C5374%3ATech%7C5079%3A5000014464,0.0
2026-03-10 14:03:02,"Verre dépoli 8x10"" | Verre de visée (20,3x25,4cm) FAIT MAIN (ou sur mesure)",63.75,63.75,Shipping info unavailable,https://www.ebay.com/itm/254191641473?_trkparms=5373%3A5000014449%7C5374%3ATech%7C5079%3A5000014464,0.0
2026-03-10 14:03:02,2 Pairs Genuine DJI Matrice 4 Series Low-Noise Propellers (pair) CW & CCW,40.89,40.89,Shipping info unavailable,https://www.ebay.com/itm/336303372908?_trkparms=5373%3A5000014449%7C5374%3ATech%7C5079%3A5000014464,0.0
2026-03-10 14:03:02,,,,Shipping info unavailable,https://www.ebay.com/globaldeals/tech/cameras-photo/all,
2026-03-10 14:03:02,"Jensen Transformers CI-2MINI Hum/Buzz Eliminator/Isolator - mobile, computer",239.99,239.99,Shipping info unavailable,https://www.ebay.com/itm/400279054316?_trkparms=5373%3A5000014449%7C5374%3ATech%7C5079%3A5000014481,0.0
2026-03-10 14:03:02,"CORREAS, RODILLO Y IDLER PIONEER CT-757",20.97,20.97,Shipping info unavailable,https://www.ebay.com/itm/286121161530?_trkparms=5373%3A5000014449%7C5374%3ATech%7C5079%3A5000014481,0.0
2026-03-10 14:03:02,New Genuine MR22GA AKB76039907 For LG Magic Bluetooth Voice TV Remote Control,25.83,,Free shipping,https://www.ebay.com/itm/127224348199?_trkparms=5373%3A5000014449%7C5374%3ATech%7C5079%3A5000014481,
2026-03-10 14:03:02,NP-12LP NP12LP NEC Projector Lamp,61.0,61.0,Shipping info unavailable,https://www.ebay.com/itm/304670594290?_trkparms=5373%3A5000014449%7C5374%3ATech%7C5079%3A5000014481,0.0
2026-03-10 14:03:02,,,,Shipping info unavailable,https://www.ebay.com/globaldeals/tech/tv-video-home-audio/all,
2026-03-10 14:03:02,Banhammer Plushie - PHIGHTING - MAKESHIP,139.1,139.1,Shipping info unavailable,https://www.ebay.com/itm/306732507633?_trkparms=5373%3A5000014449%7C5374%3ATech%7C5079%3A5000014470,0.0
2026-03-10 14:03:02,Prototype Biohazard Bundle (2 Game) Xbox One Series X|S Ke.y VPN NO DISC,23.17,23.17,Shipping info unavailable,https://www.ebay.com/itm/326094304208?_trkparms=5373%3A5000014449%7C5374%3ATech%7C5079%3A5000014470,0.0
2026-03-10 14:03:02,🔥UPGRADED TITAN CLOCKMAN🔥TOILET TOWER DEFENSE - TTD UNIT - ULTIMATE!⚡💸,13.38,13.38,Shipping info unavailable,https://www.ebay.com/itm/389022358581?_trkparms=5373%3A5000014449%7C5374%3ATech%7C5079%3A5000014470,0.0
2026-03-10 14:03:02,"NGC - Mario Party 5 - (OVP, mit Anleitung)",57.91,57.91,Shipping info unavailable,https://www.ebay.com/itm/185261225945?_trkparms=5373%3A5000014449%7C5374%3ATech%7C5079%3A5000014470,0.0
2026-03-10 14:03:02,,,,Shipping info unavailable,https://www.ebay.com/globaldeals/tech/video-games-consoles/all,
2026-03-10 14:03:02,Case RIMOWA For iPhone 17 Pro - Aluminium!,150.71,150.71,Shipping info unavailable,https://www.ebay.com/itm/406320589171?_trkparms=5373%3A5000014449%7C5374%3ATech%7C5079%3A5000014474,0.0
2026-03-10 14:03:02,Original Genuine OEM Apple AirTag Loop / AirTag Leather Key Ring / Leather Loop,19.85,19.85,Shipping info unavailable,https://www.ebay.com/itm/402858625163?_trkparms=5373%3A5000014449%7C5374%3ATech%7C5079%3A5000014474,0.0
2026-03-10 14:03:02,Unused Black Jabra Classic Bluetooth Wireless HEADSET ONLY in Bulk Packaging,39.99,39.99,Shipping info unavailable,https://www.ebay.com/itm/155974055533?_trkparms=5373%3A5000014449%7C5374%3ATech%7C5079%3A5000014474,0.0
2026-03-10 14:03:02,SYNCO XView M4 Kabelloser Selfie-Monitor für iPhone & Android-Smartphone,57.91,57.91,Shipping info unavailable,https://www.ebay.com/itm/358150701695?_trkparms=5373%3A5000014449%7C5374%3ATech%7C5079%3A5000014474,0.0
2026-03-10 14:03:02,,,,Shipping info unavailable,https://www.ebay.com/globaldeals/tech/phone-cases-accessories/all,
2026-03-10 14:03:02,"6.5"" Touch Screen Replacement Fit for VW Jetta, Golf, GTI, Tiguan & Passat –",21.38,21.38,Shipping info unavailable,https://www.ebay.com/itm/227192792255?_trkparms=5373%3A5000014449%7C5374%3ATech%7C5079%3A5000014450,0.0
2026-03-10 14:03:02,The Most User-Friendly RaceBox Mini Mount Ever,23.0,23.0,Shipping info unavailable,https://www.ebay.com/itm/388145914701?_trkparms=5373%3A5000014449%7C5374%3ATech%7C5079%3A5000014450,0.0
2026-03-10 14:03:02,"JBL CLUB-82 8"" Marine Audio Speakers, Pair, 150W – White/Gray Grills",199.0,199.0,Shipping info unavailable,https://www.ebay.com/itm/396313279561?_trkparms=5373%3A5000014449%7C5374%3ATech%7C5079%3A5000014450,0.0
2026-03-10 14:03:02,Micodus 4G GPS Tracker MV810G Cut Off Fuel Multiple Anti-theft Alarms,28.59,28.59,Shipping info unavailable,https://www.ebay.com/itm/266860024859?_trkparms=5373%3A5000014449%7C5374%3ATech%7C5079%3A5000014450,0.0
2026-03-10 14:03:02,,,,Shipping info unavailable,https://www.ebay.com/globaldeals/tech/vehicle-electronics-gps/all,
2026-03-10 14:03:02,"FESTPLATTE FUJITSU A3C40096035 S26361-H1036-V100 146GB 15000U/min SAS 3.5"" Zoll",56.81,56.81,Shipping info unavailable,https://www.ebay.com/itm/404175896995?_trkparms=5373%3A5000014449%7C5374%3ATech%7C5079%3A5000014456,0.0
2026-03-10 14:03:02,DSLRKIT USB3.0 128GB USB Flash Drives Slim Thumb Mini Nano Micro Waterproof,26.99,26.99,Shipping info unavailable,https://www.ebay.com/itm/193531868910?_trkparms=5373%3A5000014449%7C5374%3ATech%7C5079%3A5000014456,0.0
2026-03-10 14:03:02,Cuter Bunny Cute Easter Funny USB Stick Various Capacities,17.41,17.41,Free shipping,https://www.ebay.com/itm/223568844869?_trkparms=5373%3A5000014449%7C5374%3ATech%7C5079%3A5000014456,0.0
2026-03-10 14:03:02,872479-B21 For HPE 1.2TB SAS 12G 10K 2.5 HDD SFF SC DS ENT 872737-001 872285-002,80.65,80.65,Free shipping,https://www.ebay.com/itm/167874394207?_trkparms=5373%3A5000014449%7C5374%3ATech%7C5079%3A5000014456,0.0
2026-03-10 14:03:02,,,,Shipping info unavailable,https://www.ebay.com/globaldeals/tech/memory-drives-storage/all,
2026-03-10 14:03:02,Shipping fee payment,170.0,170.0,Free shipping,https://www.ebay.com/itm/286876573624?_trkparms=5373%3A5000014449%7C5374%3ATech%7C5079%3A5000014472,0.0
2026-03-10 14:03:02,Original Xerox 006R01464 WorkCentre 7120 Toner cyan neu B,103.18,103.18,Shipping info unavailable,https://www.ebay.com/itm/127642825694?_trkparms=5373%3A5000014449%7C5374%3ATech%7C5079%3A5000014472,0.0
2026-03-10 14:03:02,Original Power Supply Board For Intermec PX4ie PX6ie Printer 1-971132-004FRE,329.0,329.0,Shipping info unavailable,https://www.ebay.com/itm/365165355636?_trkparms=5373%3A5000014449%7C5374%3ATech%7C5079%3A5000014472,0.0
2026-03-10 14:03:02,Genuine Set of 4 Konica Minolta TN321 CMYK A33K430/330/230/130 CMYK Toners,179.0,179.0,Shipping info unavailable,https://www.ebay.com/itm/236490545411?_trkparms=5373%3A5000014449%7C5374%3ATech%7C5079%3A5000014472,0.0
2026-03-10 14:03:02,,,,Shipping info unavailable,https://www.ebay.com/globaldeals/tech/printers-printer-supplies/all,
2026-03-10 14:03:02,NEW Apple iPod Classic 5th 6th 7th Generation 128GB 256GB 1TB Gray Silver Modded,173.0,173.0,Free shipping,https://www.ebay.com/itm/397396766865?_trkparms=5373%3A5000014449%7C5374%3ATech%7C5079%3A5000014460,0.0
2026-03-10 14:03:02,Sony Walkman Genuine Accessories NW-ZX707 Leather Case Black CKL-NWZX700,67.83,67.83,Shipping info unavailable,https://www.ebay.com/itm/155521712745?_trkparms=5373%3A5000014449%7C5374%3ATech%7C5079%3A5000014460,0.0
2026-03-10 14:03:02,SONY WALKMAN NW-ZX707 64GB Hi-Res ZX Series Audio Player Black From Japan,626.98,626.98,Free shipping,https://www.ebay.com/itm/205739896580?_trkparms=5373%3A5000014449%7C5374%3ATech%7C5079%3A5000014460,0.0
2026-03-10 14:03:02,Sony WF-XB700 Blue True Wireless Earbuds Bluetooth Extra Bass In-Ear Mic Used,95.99,95.99,Shipping info unavailable,https://www.ebay.com/itm/236581150126?_trkparms=5373%3A5000014449%7C5374%3ATech%7C5079%3A5000014460,0.0
2026-03-10 14:03:02,,,,Shipping info unavailable,https://www.ebay.com/globaldeals/tech/headphones-portable-audio/all,
2026-03-10 14:03:02,"CANON EF 24 mm 1:2,8",168.1,168.1,Shipping info unavailable,https://www.ebay.com/itm/406650588027?_trkparms=5373%3A5000014449%7C5374%3ATech%7C5079%3A5000014476,0.0
2026-03-10 14:03:02,New VOIGTLANDER NOKTON 40mm F1.2 Aspherical Lens for Nikon Z,707.19,707.19,Shipping info unavailable,https://www.ebay.com/itm/115631149863?_trkparms=5373%3A5000014449%7C5374%3ATech%7C5079%3A5000014476,0.0
2026-03-10 14:03:02,55mm Video Lens Hood Sony FDR-AX40 FDR-AX53 camcorder shade AX53 AX40 FDR AX43,39.99,39.99,Shipping info unavailable,https://www.ebay.com/itm/183295908583?_trkparms=5373%3A5000014449%7C5374%3ATech%7C5079%3A5000014476,0.0
2026-03-10 14:03:02,CANON RF-S10-18mm F4.5-6.3 IS STM Ultra Wide Zoom for RF Mount Lightweight,167.2,,Shipping info unavailable,https://www.ebay.com/itm/187782830629?_trkparms=5373%3A5000014449%7C5374%3ATech%7C5079%3A5000014476,
2026-03-10 14:03:02,,,,Shipping info unavailable,https://www.ebay.com/globaldeals/tech/lenses-filters/all,
2026-03-10 14:03:02,"AM Transmitter - Stream to Your Vintage Tube Radio - 3.5mm Aux, Mp3, Bluetooth",49.95,49.95,Shipping info unavailable,https://www.ebay.com/itm/146862567086?_trkparms=5373%3A5000014449%7C5374%3ATech%7C5079%3A5000014488,0.0
2026-03-10 14:03:02,"Jensen Transformers CI-2MINI Hum/Buzz Eliminator/Isolator - mobile, computer",239.99,239.99,Shipping info unavailable,https://www.ebay.com/itm/400279054316?_trkparms=5373%3A5000014449%7C5374%3ATech%7C5079%3A5000014488,0.0
2026-03-10 14:03:02,NEW Apple iPod Classic 5th 6th 7th Generation 128GB 256GB 1TB Gray Silver Modded,173.0,173.0,Free shipping,https://www.ebay.com/itm/397396766865?_trkparms=5373%3A5000014449%7C5374%3ATech%7C5079%3A5000014488,0.0
2026-03-10 14:03:02,"6.5"" Touch Screen Replacement Fit for VW Jetta, Golf, GTI, Tiguan & Passat –",21.38,21.38,Shipping info unavailable,https://www.ebay.com/itm/227192792255?_trkparms=5373%3A5000014449%7C5374%3ATech%7C5079%3A5000014488,0.0
2026-03-10 14:03:02,,,,Shipping info unavailable,https://www.ebay.com/globaldeals/tech/more-consumer-electronics/all,
2026-03-10 14:03:02,Max Verstappen Red Bull Formula 1 F1 Vinyl Figure 15 cm x 12 cm Funko Pop 72617,37.5,37.5,Shipping info unavailable,https://www.ebay.com/itm/315731882693?_trkparms=5373%3A5000014449%7C5374%3ATech%7C5079%3A5000014458,0.0
2026-03-10 14:03:02,Married With Children ~ Complete 5th Fifth Season 5 Five~ NEW 3-DISC DVD SET 11z,10.95,,Free shipping,https://www.ebay.com/itm/406697763087?_trkparms=5373%3A5000014449%7C5374%3ATech%7C5079%3A5000014458,
2026-03-10 14:03:02,TOUGH AND DEADLY (1995) --- Actionklassiker --- Rarität --- Uncut --- Neu & OVP,28.97,28.97,Shipping info unavailable,https://www.ebay.com/itm/226789673662?_trkparms=5373%3A5000014449%7C5374%3ATech%7C5079%3A5000014458,0.0
2026-03-10 14:03:02,The Pianist (4K UHD Blu-ray) Maureen Lipman Thomas Kretschmann Cyril Shaps,32.31,32.31,Shipping info unavailable,https://www.ebay.com/itm/177756927146?_trkparms=5373%3A5000014449%7C5374%3ATech%7C5079%3A5000014458,0.0
2026-03-10 14:03:02,,,,Shipping info unavailable,https://www.ebay.com/globaldeals/tech/dvds-movies/all,
2026-03-10 14:03:02,"Berserk XXL Mouse Pad - Your Desk w Guts, Griffith & Casca Desk mat",32.76,32.76,Free shipping,https://www.ebay.com/itm/276811915890?_trkparms=5373%3A5000014449%7C5374%3ATech%7C5079%3A5000014478,0.0
2026-03-10 14:03:02,EPOS Sennheiser SC 30 USB ML Monaural PC Headset Headphones for Skype 1000550,29.95,29.95,Shipping info unavailable,https://www.ebay.com/itm/393249388050?_trkparms=5373%3A5000014449%7C5374%3ATech%7C5079%3A5000014478,0.0
2026-03-10 14:03:02,Makima Chainsaw Man Mousepad Boobs 3D Ergonomic Wrist Rest,34.99,34.99,Free shipping,https://www.ebay.com/itm/365767928771?_trkparms=5373%3A5000014449%7C5374%3ATech%7C5079%3A5000014478,0.0
2026-03-10 14:03:02,"Laptop Stand, Foldable Adjustable, Ergonomic Aluminum Computer Tablet Stand Hold",22.0,22.0,Shipping info unavailable,https://www.ebay.com/itm/325237619580?_trkparms=5373%3A5000014449%7C5374%3ATech%7C5079%3A5000014478,0.0
2026-03-10 14:03:02,,,,Shipping info unavailable,https://www.ebay.com/globaldeals/tech/computer-accessories/all,
2026-03-10 14:03:02,Case RIMOWA For iPhone 17 Pro - Aluminium!,150.71,150.71,Shipping info unavailable,https://www.ebay.com/itm/406320589171?_trkparms=5373%3A5000014449%7C5374%3ATech%7C5079%3A5000014466,0.0
2026-03-10 14:03:02,Original Genuine OEM Apple AirTag Loop / AirTag Leather Key Ring / Leather Loop,19.85,19.85,Shipping info unavailable,https://www.ebay.com/itm/402858625163?_trkparms=5373%3A5000014449%7C5374%3ATech%7C5079%3A5000014466,0.0
2026-03-10 14:03:02,"top up 10€ credit any Estonia SIM card (Tele2, Elisa, Super, Zen, Telia Diil)",21.43,21.43,Free shipping,https://www.ebay.com/itm/297426809196?_trkparms=5373%3A5000014449%7C5374%3ATech%7C5079%3A5000014466,0.0
2026-03-10 14:03:02,"Sony Xperia 10 IV 5G XQ-CC54 128GB 6.0"" Android Global SmartPhone",171.58,171.58,Free shipping,https://www.ebay.com/itm/197837525392?_trkparms=5373%3A5000014449%7C5374%3ATech%7C5079%3A5000014466,0.0
2026-03-10 14:03:02,,,,Shipping info unavailable,https://www.ebay.com/globaldeals/tech/more-cell-phones-accessories/all,
2026-03-10 14:03:02,1PCS NEW ABB ACS380-042N-05A6-4 Expedited Shipping FedEx/DHL,1150.0,1150.0,Free shipping,https://www.ebay.com/itm/375738596768?_trkparms=5373%3A5000014449%7C5374%3ATech%7C5079%3A5000014490,0.0
2026-03-10 14:03:02,FUJITSU D2939-B17 GS1 2x 2011 INTEL C600 24x DDR3 FÜR PRIMERGY RX300 S8,137.96,137.96,Shipping info unavailable,https://www.ebay.com/itm/404432513521?_trkparms=5373%3A5000014449%7C5374%3ATech%7C5079%3A5000014490,0.0
2026-03-10 14:03:02,VMware vCenter Server 8 Standard/ 8 Enterprise Plus BUNDLE - Lifetime Licenses,156.51,156.51,Free shipping,https://www.ebay.com/itm/187941663870?_trkparms=5373%3A5000014449%7C5374%3ATech%7C5079%3A5000014490,0.0
2026-03-10 14:03:02,PSU Dell Force10 300W F2R Normal Flow 48V DC NMG1T,139.12,139.12,Shipping info unavailable,https://www.ebay.com/itm/365666689641?_trkparms=5373%3A5000014449%7C5374%3ATech%7C5079%3A5000014490,0.0
2026-03-10 14:03:02,,,,Shipping info unavailable,https://www.ebay.com/globaldeals/tech/more-computer-accessories/all,
